Day, Date, Time
Monday,1900-01-15,20:07:30
Wednesday,1900-02-14,14:50:12
Friday,1900-03-16,9:11:48
Sunday,1900-04-15,2:02:06
Monday,1900-05-14,16:36:36
Wednesday,1900-06-13,4:38:36
Thursday,1900-07-12,14:21:54
Friday,1900-08-10,22:29:54
Sunday,1900-09-09,6:06:06
Monday,1900-10-08,14:18:06
Tuesday,1900-11-06,23:59:36
Thursday,1900-12-06,11:38:06
Saturday,1901-01-05,1:13:24
Sunday,1901-02-03,16:29:42
Tuesday,1901-03-05,9:04:06
Thursday,1901-04-04,2:20:06
Friday,1901-05-03,19:18:42
Sunday,1901-06-02,10:52:42
Tuesday,1901-07-02,0:17:36
Wednesday,1901-07-31,11:33:42
Thursday,1901-08-29,21:20:48
Saturday,1901-09-28,6:35:42
Sunday,1901-10-27,16:06:12
Tuesday,1901-11-26,2:17:30
Wednesday,1901-12-25,13:15:48
Friday,1902-01-24,1:06:06
Saturday,1902-02-22,14:03:18
Monday,1902-03-24,4:21:12
Tuesday,1902-04-22,19:49:30
Thursday,1902-05-22,11:46:00
Saturday,1902-06-21,3:16:42
Sunday,1902-07-20,17:45:00
Tuesday,1902-08-19,7:03:18
Wednesday,1902-09-17,19:23:24
Friday,1902-10-17,7:01:06
Saturday,1902-11-15,18:06:24
Monday,1902-12-15,4:47:24
Tuesday,1903-01-13,15:17:12
Thursday,1903-02-12,1:57:42
Friday,1903-03-13,13:12:48
Sunday,1903-04-12,1:18:18
Monday,1903-05-11,14:17:54
Wednesday,1903-06-10,4:07:54
Thursday,1903-07-09,18:43:06
Saturday,1903-08-08,9:54:12
Monday,1903-09-07,1:19:48
Tuesday,1903-10-06,16:23:30
Thursday,1903-11-05,6:27:24
Friday,1903-12-04,19:12:42
Sunday,1904-01-03,6:47:18
Monday,1904-02-01,17:33:00
Wednesday,1904-03-02,3:48:12
Thursday,1904-03-31,13:44:18
Friday,1904-04-29,23:36:12
Sunday,1904-05-29,9:54:36
Monday,1904-06-27,21:23:06
Wednesday,1904-07-27,10:41:48
Friday,1904-08-26,2:02:00
Saturday,1904-09-24,18:49:42
Monday,1904-10-24,11:55:54
Wednesday,1904-11-23,4:12:06
Thursday,1904-12-22,19:00:54
Saturday,1905-01-21,8:14:00
Sunday,1905-02-19,19:51:48
Tuesday,1905-03-21,5:55:24
Wednesday,1905-04-19,14:37:48
Thursday,1905-05-18,22:36:12
Saturday,1905-06-17,6:51:18
Sunday,1905-07-16,16:31:30
Tuesday,1905-08-15,4:31:18
Wednesday,1905-09-13,19:09:54
Friday,1905-10-13,12:02:30
Sunday,1905-11-12,6:11:12
Tuesday,1905-12-12,0:25:18
Wednesday,1906-01-10,17:36:18
Friday,1906-02-09,8:45:30
Saturday,1906-03-10,21:17:06
Monday,1906-04-09,7:12:12
Tuesday,1906-05-08,15:09:30
Wednesday,1906-06-06,22:11:30
Friday,1906-07-06,5:27:24
Saturday,1906-08-04,13:59:36
Monday,1906-09-03,0:36:18
Tuesday,1906-10-02,13:48:24
Thursday,1906-11-01,5:45:48
Saturday,1906-12-01,0:07:00
Sunday,1906-12-30,19:43:42
Tuesday,1907-01-29,14:45:00
Thursday,1907-02-28,7:22:42
Friday,1907-03-29,20:44:18
Sunday,1907-04-28,7:04:36
Monday,1907-05-27,15:17:42
Tuesday,1907-06-25,22:26:54
Thursday,1907-07-25,5:29:18
Friday,1907-08-23,13:15:00
Saturday,1907-09-21,22:33:36
Monday,1907-10-21,10:16:30
Wednesday,1907-11-20,1:04:12
Thursday,1907-12-19,18:54:54
Saturday,1908-01-18,14:36:42
Monday,1908-02-17,10:05:12
Wednesday,1908-03-18,3:28:18
Thursday,1908-04-16,17:55:06
Saturday,1908-05-16,5:32:12
Sunday,1908-06-14,14:55:06
Monday,1908-07-13,22:47:42
Wednesday,1908-08-12,5:58:42
Thursday,1908-09-10,13:23:12
Friday,1908-10-09,22:03:12
Sunday,1908-11-08,8:57:54
Monday,1908-12-07,22:43:54
Wednesday,1909-01-06,15:12:30
Friday,1909-02-05,9:24:30
Sunday,1909-03-07,3:55:30
Monday,1909-04-05,21:28:06
Wednesday,1909-05-05,13:07:30
Friday,1909-06-04,2:24:30
Saturday,1909-07-03,13:17:06
Sunday,1909-08-01,22:13:42
Tuesday,1909-08-31,6:07:42
Wednesday,1909-09-29,14:05:12
Thursday,1909-10-28,23:06:54
Saturday,1909-11-27,9:51:42
Sunday,1909-12-26,22:29:42
Tuesday,1910-01-25,12:50:24
Thursday,1910-02-24,4:35:30
Friday,1910-03-25,21:20:30
Sunday,1910-04-24,14:22:24
Tuesday,1910-05-24,6:38:48
Wednesday,1910-06-22,21:11:36
Friday,1910-07-22,9:36:42
Saturday,1910-08-20,20:13:48
Monday,1910-09-19,5:52:12
Tuesday,1910-10-18,15:24:18
Thursday,1910-11-17,1:24:54
Friday,1910-12-16,12:04:54
Saturday,1911-01-14,23:25:48
Monday,1911-02-13,11:37:12
Wednesday,1911-03-15,0:58:06
Thursday,1911-04-13,15:36:12
Saturday,1911-05-13,7:09:30
Sunday,1911-06-11,22:50:30
Tuesday,1911-07-11,13:53:06
Thursday,1911-08-10,3:54:30
Friday,1911-09-08,16:56:18
Sunday,1911-10-08,5:11:00
Monday,1911-11-06,16:47:54
Wednesday,1911-12-06,3:51:42
Thursday,1912-01-04,14:29:24
Saturday,1912-02-03,0:57:48
Sunday,1912-03-03,11:41:36
Monday,1912-04-01,23:04:18
Wednesday,1912-05-01,11:19:06
Friday,1912-05-31,0:29:12
Saturday,1912-06-29,14:33:30
Monday,1912-07-29,5:27:48
Tuesday,1912-08-27,20:58:30
Thursday,1912-09-26,12:33:54
Saturday,1912-10-26,3:30:18
Sunday,1912-11-24,17:11:54
Tuesday,1912-12-24,5:30:00
Wednesday,1913-01-22,16:39:48
Friday,1913-02-21,3:03:06
Saturday,1913-03-22,12:55:48
Sunday,1913-04-20,22:32:24
Tuesday,1913-05-20,8:17:54
Wednesday,1913-06-18,18:53:18
Friday,1913-07-18,7:06:00
Saturday,1913-08-16,21:26:36
Monday,1913-09-15,13:45:30
Wednesday,1913-10-15,7:06:24
Friday,1913-11-14,0:11:06
Saturday,1913-12-13,16:00:00
Monday,1914-01-12,6:08:42
Tuesday,1914-02-10,18:34:18
Thursday,1914-03-12,5:18:12
Friday,1914-04-10,14:27:54
Saturday,1914-05-09,22:30:24
Monday,1914-06-08,6:18:06
Tuesday,1914-07-07,14:59:24
Thursday,1914-08-06,1:40:18
Friday,1914-09-04,15:00:48
Sunday,1914-10-04,6:58:30
Tuesday,1914-11-03,0:48:18
Wednesday,1914-12-02,19:20:12
Friday,1915-01-01,13:20:12
Sunday,1915-01-31,5:40:54
Monday,1915-03-01,19:32:24
Wednesday,1915-03-31,6:37:24
Thursday,1915-04-29,15:19:06
Friday,1915-05-28,22:32:30
Sunday,1915-06-27,5:27:00
Monday,1915-07-26,13:10:42
Tuesday,1915-08-24,22:40:06
Thursday,1915-09-23,10:34:48
Saturday,1915-10-23,1:15:12
Sunday,1915-11-21,18:36:00
Tuesday,1915-12-21,13:51:54
Thursday,1916-01-20,9:28:36
Saturday,1916-02-19,3:28:12
Sunday,1916-03-19,18:26:18
Tuesday,1916-04-18,6:07:12
Wednesday,1916-05-17,16:11:06
Thursday,1916-06-15,23:41:18
Saturday,1916-07-15,6:39:48
Sunday,1916-08-13,14:00:00
Monday,1916-09-11,22:30:30
Wednesday,1916-10-11,8:00:42
Thursday,1916-11-09,21:17:42
Saturday,1916-12-09,13:43:24
Monday,1917-01-08,8:41:36
Wednesday,1917-02-07,4:28:06
Thursday,1917-03-08,22:57:42
Saturday,1917-04-07,14:48:30
Monday,1917-05-07,4:42:54
Tuesday,1917-06-05,15:06:24
Wednesday,1917-07-04,23:40:12
Friday,1917-08-03,7:10:30
Saturday,1917-09-01,14:28:12
Sunday,1917-09-30,21:30:48
Tuesday,1917-10-30,7:18:48
Wednesday,1917-11-28,19:41:00
Friday,1917-12-28,10:51:18
Sunday,1918-01-27,4:13:42
Monday,1918-02-25,22:34:18
Wednesday,1918-03-27,16:32:24
Friday,1918-04-26,10:05:06
Sunday,1918-05-26,0:32:12
Monday,1918-06-24,12:37:54
Tuesday,1918-07-23,22:34:24
Thursday,1918-08-22,7:01:54
Friday,1918-09-20,14:00:42
Saturday,1918-10-19,22:34:24
Monday,1918-11-18,8:32:36
Tuesday,1918-12-17,20:17:06
Thursday,1919-01-16,9:44:00
Saturday,1919-02-15,0:37:42
Sunday,1919-03-16,16:40:42
Tuesday,1919-04-15,9:24:48
Thursday,1919-05-15,2:00:54
Friday,1919-06-13,17:27:54
Sunday,1919-07-13,7:01:54
Monday,1919-08-11,18:39:06
Wednesday,1919-09-10,4:54:00
Thursday,1919-10-09,14:38:18
Saturday,1919-11-08,0:34:48
Sunday,1919-12-07,11:03:06
Monday,1920-01-05,22:04:30
Wednesday,1920-02-04,9:42:00
Thursday,1920-03-04,22:12:12
Saturday,1920-04-03,11:54:18
Monday,1920-05-03,2:46:54
Tuesday,1920-06-01,18:17:48
Thursday,1920-07-01,9:40:18
Saturday,1920-07-31,0:19:00
Sunday,1920-08-29,14:02:24
Tuesday,1920-09-28,2:56:18
Wednesday,1920-10-27,15:08:36
Friday,1920-11-26,2:42:00
Saturday,1920-12-25,13:38:12
Monday,1921-01-24,0:07:30
Tuesday,1921-02-22,10:31:54
Wednesday,1921-03-23,21:18:24
Friday,1921-04-22,8:49:00
Saturday,1921-05-21,21:15:00
Monday,1921-06-20,10:40:54
Wednesday,1921-07-20,1:07:18
Thursday,1921-08-18,16:28:00
Saturday,1921-09-17,8:19:36
Sunday,1921-10-16,23:59:12
Tuesday,1921-11-15,14:38:48
Thursday,1921-12-15,3:50:12
Friday,1922-01-13,15:36:06
Sunday,1922-02-12,2:17:00
Monday,1922-03-13,12:14:00
Tuesday,1922-04-11,21:43:12
Thursday,1922-05-11,7:05:48
Friday,1922-06-09,16:57:36
Sunday,1922-07-09,4:06:54
Monday,1922-08-07,17:18:24
Wednesday,1922-09-06,8:46:54
Friday,1922-10-06,1:58:00
Saturday,1922-11-04,19:36:12
Monday,1922-12-04,12:23:18
Wednesday,1923-01-03,3:33:12
Thursday,1923-02-01,16:53:00
Saturday,1923-03-03,4:23:24
Sunday,1923-04-01,14:09:36
Monday,1923-04-30,22:30:06
Wednesday,1923-05-30,6:07:00
Thursday,1923-06-28,14:04:06
Friday,1923-07-27,23:32:24
Sunday,1923-08-26,11:29:12
Tuesday,1923-09-25,2:15:36
Wednesday,1923-10-24,19:26:06
Friday,1923-11-23,13:57:42
Sunday,1923-12-23,8:32:54
Tuesday,1924-01-22,1:56:36
Wednesday,1924-02-20,17:07:00
Friday,1924-03-21,5:29:54
Saturday,1924-04-19,15:10:30
Sunday,1924-05-18,22:52:18
Tuesday,1924-06-17,5:41:18
Wednesday,1924-07-16,12:48:48
Thursday,1924-08-14,21:18:54
Saturday,1924-09-13,7:59:42
Sunday,1924-10-12,21:21:06
Tuesday,1924-11-11,13:30:30
Thursday,1924-12-11,8:03:18
Saturday,1925-01-10,3:47:12
Sunday,1925-02-08,22:48:54
Tuesday,1925-03-10,15:20:42
Thursday,1925-04-09,4:32:36
Friday,1925-05-08,14:42:30
Saturday,1925-06-06,22:47:36
Monday,1925-07-06,5:53:36
Tuesday,1925-08-04,12:58:48
Wednesday,1925-09-02,20:52:48
Friday,1925-10-02,6:22:42
Saturday,1925-10-31,18:16:30
Monday,1925-11-30,9:10:48
Wednesday,1925-12-30,3:01:18
Thursday,1926-01-28,22:35:12
Saturday,1926-02-27,17:50:36
Monday,1926-03-29,11:00:06
Wednesday,1926-04-28,1:16:30
Thursday,1926-05-27,12:48:30
Friday,1926-06-25,22:12:36
Sunday,1926-07-25,6:13:12
Monday,1926-08-23,13:37:36
Tuesday,1926-09-21,21:18:54
Thursday,1926-10-21,6:15:00
Friday,1926-11-19,17:20:54
Sunday,1926-12-19,7:08:36
Monday,1927-01-17,23:26:42
Wednesday,1927-02-16,17:17:54
Friday,1927-03-18,11:24:00
Sunday,1927-04-17,4:35:12
Monday,1927-05-16,20:02:36
Wednesday,1927-06-15,9:19:12
Thursday,1927-07-14,20:22:18
Saturday,1927-08-13,5:37:06
Sunday,1927-09-11,13:53:42
Monday,1927-10-10,22:14:30
Wednesday,1927-11-09,7:36:00
Thursday,1927-12-08,18:31:48
Saturday,1928-01-07,7:07:36
Sunday,1928-02-05,21:10:48
Tuesday,1928-03-06,12:26:48
Thursday,1928-04-05,4:38:12
Friday,1928-05-04,21:11:42
Sunday,1928-06-03,13:13:18
Tuesday,1928-07-03,3:48:24
Wednesday,1928-08-01,16:30:24
Friday,1928-08-31,3:33:54
Saturday,1928-09-29,13:42:24
Sunday,1928-10-28,23:43:12
Tuesday,1928-11-27,10:05:24
Wednesday,1928-12-26,20:54:36
Friday,1929-01-25,8:09:00
Saturday,1929-02-23,19:58:30
Monday,1929-03-25,8:46:06
Tuesday,1929-04-23,22:47:18
Thursday,1929-05-23,13:49:42
Saturday,1929-06-22,5:14:54
Sunday,1929-07-21,20:20:36
Tuesday,1929-08-20,10:42:12
Thursday,1929-09-19,0:15:42
Friday,1929-10-18,13:05:48
Sunday,1929-11-17,1:14:06
Monday,1929-12-16,12:38:06
Tuesday,1930-01-14,23:20:54
Thursday,1930-02-13,9:38:30
Friday,1930-03-14,19:58:12
Sunday,1930-04-13,6:48:24
Monday,1930-05-12,18:29:12
Wednesday,1930-06-11,7:11:36
Thursday,1930-07-10,21:01:00
Saturday,1930-08-09,11:57:30
Monday,1930-09-08,3:47:42
Tuesday,1930-10-07,19:55:30
Thursday,1930-11-06,11:28:06
Saturday,1930-12-06,1:39:48
Sunday,1931-01-04,14:14:48
Tuesday,1931-02-03,1:25:48
Wednesday,1931-03-04,11:35:54
Thursday,1931-04-02,21:05:24
Saturday,1931-05-02,6:14:18
Sunday,1931-05-31,15:32:54
Tuesday,1931-06-30,1:46:48
Wednesday,1931-07-29,13:47:24
Friday,1931-08-28,4:09:24
Saturday,1931-09-26,20:44:48
Monday,1931-10-26,14:33:54
Wednesday,1931-11-25,8:09:48
Friday,1931-12-25,0:23:24
Saturday,1932-01-23,14:44:06
Monday,1932-02-22,3:07:18
Tuesday,1932-03-22,13:37:18
Wednesday,1932-04-20,22:27:00
Friday,1932-05-20,6:08:36
Saturday,1932-06-18,13:38:00
Sunday,1932-07-17,22:06:12
Tuesday,1932-08-16,8:41:24
Wednesday,1932-09-14,22:06:00
Friday,1932-10-14,14:17:36
Sunday,1932-11-13,8:28:00
Tuesday,1932-12-13,3:20:54
Wednesday,1933-01-11,21:35:36
Friday,1933-02-10,14:00:24
Sunday,1933-03-12,3:45:36
Monday,1933-04-10,14:37:36
Tuesday,1933-05-09,23:04:18
Thursday,1933-06-08,6:04:36
Friday,1933-07-07,12:50:30
Saturday,1933-08-05,20:31:30
Monday,1933-09-04,6:04:18
Tuesday,1933-10-03,18:07:36
Thursday,1933-11-02,8:59:12
Saturday,1933-12-02,2:30:54
Sunday,1933-12-31,21:53:54
Tuesday,1934-01-30,17:31:24
Thursday,1934-03-01,11:25:36
Saturday,1934-03-31,2:14:30
Sunday,1934-04-29,13:45:24
Monday,1934-05-28,22:41:18
Wednesday,1934-06-27,6:07:48
Thursday,1934-07-26,13:08:30
Friday,1934-08-24,20:36:42
Sunday,1934-09-23,5:18:48
Monday,1934-10-22,16:01:00
Wednesday,1934-11-21,5:26:12
Thursday,1934-12-20,21:53:12
Saturday,1935-01-19,16:44:12
Monday,1935-02-18,12:17:06
Wednesday,1935-03-20,6:31:18
Thursday,1935-04-18,22:09:36
Saturday,1935-05-18,10:57:00
Sunday,1935-06-16,21:20:00
Tuesday,1935-07-16,6:00:24
Wednesday,1935-08-14,13:43:30
Thursday,1935-09-12,21:18:12
Saturday,1935-10-12,5:39:00
Sunday,1935-11-10,15:41:42
Tuesday,1935-12-10,4:10:12
Wednesday,1936-01-08,19:14:36
Friday,1936-02-07,12:18:48
Sunday,1936-03-08,6:13:30
Monday,1936-04-06,23:46:18
Wednesday,1936-05-06,16:01:06
Friday,1936-06-05,6:22:18
Saturday,1936-07-04,18:34:24
Monday,1936-08-03,4:47:12
Tuesday,1936-09-01,13:37:18
Wednesday,1936-09-30,22:00:48
Friday,1936-10-30,6:57:30
Saturday,1936-11-28,17:11:48
Monday,1936-12-28,5:00:06
Tuesday,1937-01-26,18:15:18
Thursday,1937-02-25,8:43:12
Saturday,1937-03-27,0:12:12
Sunday,1937-04-25,16:23:30
Tuesday,1937-05-25,8:37:36
Wednesday,1937-06-23,23:59:30
Friday,1937-07-23,13:45:30
Sunday,1937-08-22,1:47:00
Monday,1937-09-20,12:32:24
Tuesday,1937-10-19,22:47:24
Thursday,1937-11-18,9:09:30
Friday,1937-12-17,19:52:24
Sunday,1938-01-16,6:53:18
Monday,1938-02-14,18:14:24
Wednesday,1938-03-16,6:15:06
Thursday,1938-04-14,19:20:48
Saturday,1938-05-14,9:38:54
Monday,1938-06-13,0:47:00
Tuesday,1938-07-12,16:04:30
Thursday,1938-08-11,6:56:48
Friday,1938-09-09,21:08:06
Sunday,1938-10-09,10:37:00
Monday,1938-11-07,23:23:24
Wednesday,1938-12-07,11:22:06
Thursday,1939-01-05,22:29:42
Saturday,1939-02-04,8:54:36
Sunday,1939-03-05,19:00:24
Tuesday,1939-04-04,5:18:00
Wednesday,1939-05-03,16:15:18
Friday,1939-06-02,4:10:54
Saturday,1939-07-01,17:16:00
Monday,1939-07-31,7:36:30
Tuesday,1939-08-29,23:08:36
Thursday,1939-09-28,15:27:00
Saturday,1939-10-28,7:41:36
Sunday,1939-11-26,22:54:18
Tuesday,1939-12-26,12:28:24
Thursday,1940-01-25,0:21:54
Friday,1940-02-23,10:55:24
Saturday,1940-03-23,20:33:12
Monday,1940-04-22,6:36:54
Tuesday,1940-05-21,15:32:54
Thursday,1940-06-20,1:01:36
Friday,1940-07-19,11:55:18
Sunday,1940-08-18,1:02:24
Monday,1940-09-16,16:40:42
Wednesday,1940-10-16,10:14:54
Friday,1940-11-15,4:23:12
Saturday,1940-12-14,21:37:36
Monday,1941-01-13,13:04:00
Wednesday,1941-02-12,2:26:24
Thursday,1941-03-13,13:46:42
Friday,1941-04-11,23:15:00
Sunday,1941-05-11,7:15:18
Monday,1941-06-09,14:34:00
Tuesday,1941-07-08,22:17:18
Thursday,1941-08-07,7:38:18
Friday,1941-09-05,19:35:54
Sunday,1941-10-05,10:32:12
Tuesday,1941-11-04,3:59:42
Wednesday,1941-12-03,22:50:54
Friday,1942-01-02,17:41:42
Sunday,1942-02-01,11:12:18
Tuesday,1942-03-03,2:19:48
Wednesday,1942-04-01,14:32:12
Thursday,1942-04-30,23:59:30
Saturday,1942-05-30,7:28:54
Sunday,1942-06-28,14:09:18
Monday,1942-07-27,21:13:36
Wednesday,1942-08-26,5:46:06
Thursday,1942-09-24,16:34:06
Saturday,1942-10-24,6:05:18
Sunday,1942-11-22,21:24:12
Tuesday,1942-12-22,16:03:06
Thursday,1943-01-21,11:47:48
Saturday,1943-02-20,6:44:42
Sunday,1943-03-21,23:08:00
Tuesday,1943-04-20,13:10:30
Wednesday,1943-05-19,23:12:48
Friday,1943-06-18,7:14:00
Saturday,1943-07-17,14:21:30
Sunday,1943-08-15,21:33:54
Tuesday,1943-09-14,5:39:36
Wednesday,1943-10-13,14:22:36
Friday,1943-11-12,2:26:36
Saturday,1943-12-11,17:24:24
Monday,1944-01-10,11:09:18
Wednesday,1944-02-09,6:29:30
Friday,1944-03-10,1:27:36
Saturday,1944-04-08,19:21:36
Monday,1944-05-08,9:28:06
Tuesday,1944-06-06,20:57:36
Thursday,1944-07-06,6:26:42
Friday,1944-08-04,14:39:12
Saturday,1944-09-02,22:20:54
Monday,1944-10-02,5:21:42
Tuesday,1944-10-31,14:35:24
Thursday,1944-11-30,1:51:42
Friday,1944-12-29,15:38:06
Sunday,1945-01-28,7:41:06
Tuesday,1945-02-27,1:06:42
Wednesday,1945-03-28,18:44:24
Friday,1945-04-27,12:32:42
Sunday,1945-05-27,4:48:48
Monday,1945-06-25,18:07:54
Wednesday,1945-07-25,5:25:30
Thursday,1945-08-23,15:02:54
Friday,1945-09-21,23:45:36
Sunday,1945-10-21,7:31:42
Monday,1945-11-19,16:12:48
Wednesday,1945-12-19,3:17:24
Thursday,1946-01-17,15:46:30
Saturday,1946-02-16,5:27:48
Sunday,1946-03-17,20:11:00
Tuesday,1946-04-16,12:47:00
Thursday,1946-05-16,4:52:30
Friday,1946-06-14,20:41:36
Sunday,1946-07-14,11:22:36
Tuesday,1946-08-13,0:25:48
Wednesday,1946-09-11,11:59:24
Thursday,1946-10-10,21:40:24
Saturday,1946-11-09,8:10:12
Sunday,1946-12-08,18:52:00
Tuesday,1947-01-07,5:46:42
Wednesday,1947-02-05,16:50:24
Friday,1947-03-07,4:15:06
Saturday,1947-04-05,16:28:18
Monday,1947-05-05,6:53:12
Tuesday,1947-06-03,22:26:42
Thursday,1947-07-03,12:38:30
Saturday,1947-08-02,3:49:54
Sunday,1947-08-31,18:34:00
Tuesday,1947-09-30,8:40:48
Wednesday,1947-10-29,21:06:48
Friday,1947-11-28,9:45:12
Saturday,1947-12-27,21:26:54
Monday,1948-01-26,8:11:24
Tuesday,1948-02-24,18:15:36
Thursday,1948-03-25,4:10:06
Friday,1948-04-23,15:28:18
Sunday,1948-05-23,2:37:00
Monday,1948-06-21,14:54:00
Wednesday,1948-07-21,4:31:00
Thursday,1948-08-19,19:31:42
Saturday,1948-09-18,11:42:48
Monday,1948-10-18,3:23:24
Tuesday,1948-11-16,19:31:24
Thursday,1948-12-16,10:10:54
Friday,1949-01-14,22:59:30
Sunday,1949-02-13,10:08:12
Monday,1949-03-14,20:02:48
Wednesday,1949-04-13,6:08:24
Thursday,1949-05-12,14:50:48
Friday,1949-06-10,23:45:12
Sunday,1949-07-10,9:41:06
Monday,1949-08-08,21:33:12
Wednesday,1949-09-07,11:59:18
Friday,1949-10-07,3:52:36
Saturday,1949-11-05,22:09:00
Monday,1949-12-05,16:13:30
Wednesday,1950-01-04,8:47:48
Thursday,1950-02-02,23:16:06
Saturday,1950-03-04,11:33:48
Sunday,1950-04-02,21:48:48
Tuesday,1950-05-02,6:19:30
Wednesday,1950-05-31,13:43:00
Thursday,1950-06-29,20:58:06
Saturday,1950-07-29,5:17:36
Sunday,1950-08-27,15:50:54
Tuesday,1950-09-26,5:21:24
Wednesday,1950-10-25,21:46:24
Friday,1950-11-24,16:14:06
Sunday,1950-12-24,11:22:54
Tuesday,1951-01-23,5:47:00
Wednesday,1951-02-21,22:12:12
Friday,1951-03-23,11:49:48
Saturday,1951-04-21,22:29:54
Monday,1951-05-21,6:44:42
Tuesday,1951-06-19,13:35:54
Wednesday,1951-07-18,20:17:24
Friday,1951-08-17,3:59:24
Saturday,1951-09-15,13:38:24
Monday,1951-10-15,1:50:54
Tuesday,1951-11-13,16:52:06
Thursday,1951-12-13,10:30:24
Saturday,1952-01-12,5:55:00
Monday,1952-02-11,1:28:12
Tuesday,1952-03-11,19:13:54
Thursday,1952-04-10,9:53:12
Friday,1952-05-09,21:15:48
Sunday,1952-06-08,6:06:54
Monday,1952-07-07,13:33:30
Tuesday,1952-08-05,20:40:00
Thursday,1952-09-04,4:19:18
Friday,1952-10-03,13:15:12
Sunday,1952-11-02,0:09:42
Monday,1952-12-01,13:41:24
Wednesday,1952-12-31,6:05:36
Friday,1953-01-30,0:44:12
Saturday,1953-02-28,19:58:42
Monday,1953-03-30,13:54:54
Wednesday,1953-04-29,5:20:24
Thursday,1953-05-28,18:02:54
Saturday,1953-06-27,4:29:18
Sunday,1953-07-26,13:20:36
Monday,1953-08-24,21:20:42
Wednesday,1953-09-23,5:15:36
Thursday,1953-10-22,13:55:42
Saturday,1953-11-21,0:12:06
Sunday,1953-12-20,12:43:30
Tuesday,1954-01-19,3:36:48
Wednesday,1954-02-17,20:17:18
Friday,1954-03-19,13:42:24
Sunday,1954-04-18,6:48:30
Monday,1954-05-17,22:46:54
Wednesday,1954-06-16,13:05:42
Friday,1954-07-16,1:29:00
Saturday,1954-08-14,12:03:00
Sunday,1954-09-12,21:19:24
Tuesday,1954-10-12,6:09:48
Wednesday,1954-11-10,15:29:06
Friday,1954-12-10,1:56:36
Saturday,1955-01-08,13:44:06
Monday,1955-02-07,2:42:42
Tuesday,1955-03-08,16:41:12
Thursday,1955-04-07,7:34:48
Friday,1955-05-06,23:14:00
Sunday,1955-06-05,15:08:24
Tuesday,1955-07-05,6:28:36
Wednesday,1955-08-03,20:30:06
Friday,1955-09-02,8:59:18
Saturday,1955-10-01,20:17:24
Monday,1955-10-31,7:03:48
Tuesday,1955-11-29,17:49:48
Thursday,1955-12-29,4:43:54
Friday,1956-01-27,15:40:18
Sunday,1956-02-26,2:41:36
Monday,1956-03-26,14:11:06
Wednesday,1956-04-25,2:40:30
Thursday,1956-05-24,16:25:48
Saturday,1956-06-23,7:13:30
Sunday,1956-07-22,22:29:00
Tuesday,1956-08-21,13:37:48
Thursday,1956-09-20,4:19:24
Friday,1956-10-19,18:24:36
Sunday,1956-11-18,7:44:36
Monday,1956-12-17,20:06:18
Wednesday,1957-01-16,7:21:24
Thursday,1957-02-14,17:37:48
Saturday,1957-03-16,3:21:48
Sunday,1957-04-14,13:09:18
Monday,1957-05-13,23:34:18
Wednesday,1957-06-12,11:01:54
Thursday,1957-07-11,23:49:42
Saturday,1957-08-10,14:08:12
Monday,1957-09-09,5:55:06
Tuesday,1957-10-08,22:42:12
Thursday,1957-11-07,15:32:00
Saturday,1957-12-07,7:15:54
Sunday,1958-01-05,21:08:48
Tuesday,1958-02-04,9:05:30
Wednesday,1958-03-05,19:27:54
Friday,1958-04-04,4:44:48
Saturday,1958-05-03,13:23:18
Sunday,1958-06-01,21:55:06
Tuesday,1958-07-01,7:04:30
Wednesday,1958-07-30,17:46:48
Friday,1958-08-29,6:53:24
Saturday,1958-09-27,22:43:42
Monday,1958-10-27,16:41:00
Wednesday,1958-11-26,11:16:42
Friday,1958-12-26,4:54:06
Saturday,1959-01-24,20:32:30
Monday,1959-02-23,9:53:48
Tuesday,1959-03-24,21:02:24
Thursday,1959-04-23,6:13:18
Friday,1959-05-22,13:55:48
Saturday,1959-06-20,20:59:42
Monday,1959-07-20,4:33:12
Tuesday,1959-08-18,13:50:30
Thursday,1959-09-17,1:51:36
Friday,1959-10-16,16:58:30
Sunday,1959-11-15,10:41:48
Tuesday,1959-12-15,5:48:48
Thursday,1960-01-14,0:50:36
Friday,1960-02-12,18:23:54
Sunday,1960-03-13,9:25:48
Monday,1960-04-11,21:27:18
Wednesday,1960-05-11,6:42:18
Thursday,1960-06-09,14:01:48
Friday,1960-07-08,20:36:36
Sunday,1960-08-07,3:40:54
Monday,1960-09-05,12:18:42
Tuesday,1960-10-04,23:16:06
Thursday,1960-11-03,12:57:36
Saturday,1960-12-03,5:24:24
Monday,1961-01-02,0:05:54
Tuesday,1961-01-31,19:46:42
Thursday,1961-03-02,14:34:36
Saturday,1961-04-01,6:47:06
Sunday,1961-04-30,19:40:30
Tuesday,1961-05-30,5:37:00
Wednesday,1961-06-28,13:37:30
Thursday,1961-07-27,20:50:06
Saturday,1961-08-26,4:13:18
Sunday,1961-09-24,12:33:24
Monday,1961-10-23,22:30:30
Wednesday,1961-11-22,10:43:42
Friday,1961-12-22,1:41:48
Saturday,1962-01-20,19:16:18
Monday,1962-02-19,14:17:54
Wednesday,1962-03-21,8:55:24
Friday,1962-04-20,1:33:18
Saturday,1962-05-19,15:31:48
Monday,1962-06-18,3:02:12
Tuesday,1962-07-17,12:40:30
Wednesday,1962-08-15,21:09:12
Friday,1962-09-14,5:11:18
Saturday,1962-10-13,13:32:54
Sunday,1962-11-11,23:03:24
Tuesday,1962-12-11,10:27:24
Thursday,1963-01-10,0:08:06
Friday,1963-02-08,15:51:36
Sunday,1963-03-10,8:48:36
Tuesday,1963-04-09,1:56:42
Wednesday,1963-05-08,18:23:12
Friday,1963-06-07,9:30:36
Saturday,1963-07-06,22:55:24
Monday,1963-08-05,10:30:48
Tuesday,1963-09-03,20:33:30
Thursday,1963-10-03,5:43:54
Friday,1963-11-01,14:55:12
Sunday,1963-12-01,0:54:00
Monday,1963-12-30,12:03:48
Wednesday,1964-01-29,0:22:42
Thursday,1964-02-27,13:39:12
Saturday,1964-03-28,3:48:18
Sunday,1964-04-26,18:49:30
Tuesday,1964-05-26,10:28:48
Thursday,1964-06-25,2:08:00
Friday,1964-07-24,16:57:48
Sunday,1964-08-23,6:24:54
Monday,1964-09-21,18:30:42
Wednesday,1964-10-21,5:45:00
Thursday,1964-11-19,16:42:42
Saturday,1964-12-19,3:41:12
Sunday,1965-01-17,14:37:18
Tuesday,1965-02-16,1:26:36
Wednesday,1965-03-17,12:23:48
Friday,1965-04-16,0:02:06
Saturday,1965-05-15,12:51:54
Monday,1965-06-14,2:59:18
Tuesday,1965-07-13,18:01:24
Thursday,1965-08-12,9:22:06
Saturday,1965-09-11,0:31:54
Sunday,1965-10-10,15:13:36
Tuesday,1965-11-09,5:15:12
Wednesday,1965-12-08,18:21:06
Friday,1966-01-07,6:16:06
Saturday,1966-02-05,16:57:54
Monday,1966-03-07,2:45:12
Tuesday,1966-04-05,12:13:06
Wednesday,1966-05-04,22:00:30
Friday,1966-06-03,8:40:12
Saturday,1966-07-02,20:36:18
Monday,1966-08-01,10:05:12
Wednesday,1966-08-31,1:13:36
Thursday,1966-09-29,17:47:18
Saturday,1966-10-29,11:00:00
Monday,1966-11-28,3:40:24
Tuesday,1966-12-27,18:43:06
Thursday,1967-01-26,7:40:24
Friday,1967-02-24,18:43:18
Sunday,1967-03-26,4:20:48
Monday,1967-04-24,13:03:24
Tuesday,1967-05-23,21:22:18
Thursday,1967-06-22,5:56:48
Friday,1967-07-21,15:39:06
Sunday,1967-08-20,3:26:42
Monday,1967-09-18,17:59:24
Wednesday,1967-10-18,11:10:48
Friday,1967-11-17,5:52:30
Sunday,1967-12-17,0:21:18
Monday,1968-01-15,17:11:12
Wednesday,1968-02-14,7:42:54
Thursday,1968-03-14,19:52:18
Saturday,1968-04-13,5:51:42
Sunday,1968-05-12,14:04:48
Monday,1968-06-10,21:13:00
Wednesday,1968-07-10,4:17:36
Thursday,1968-08-08,12:32:18
Friday,1968-09-06,23:07:12
Sunday,1968-10-06,12:46:06
Tuesday,1968-11-05,5:24:36
Thursday,1968-12-05,0:07:18
Friday,1969-01-03,19:27:36
Sunday,1969-02-02,13:55:48
Tuesday,1969-03-04,6:17:00
Wednesday,1969-04-02,19:44:54
Friday,1969-05-02,6:13:24
Saturday,1969-05-31,14:18:12
Sunday,1969-06-29,21:03:42
Tuesday,1969-07-29,3:45:00
Wednesday,1969-08-27,11:32:24
Thursday,1969-09-25,21:20:48
Saturday,1969-10-25,9:44:12
Monday,1969-11-24,0:53:42
Tuesday,1969-12-23,18:34:54
Thursday,1970-01-22,13:55:18
Saturday,1970-02-21,9:18:42
Monday,1970-03-23,2:52:24
Tuesday,1970-04-21,17:21:18
Thursday,1970-05-21,4:37:36
Friday,1970-06-19,13:27:24
Saturday,1970-07-18,20:58:30
Monday,1970-08-17,4:15:18
Tuesday,1970-09-15,12:09:24
Wednesday,1970-10-14,21:21:12
Friday,1970-11-13,8:27:54
Saturday,1970-12-12,22:03:18
Monday,1971-01-11,14:20:18
Wednesday,1971-02-10,8:41:24
Friday,1971-03-12,3:33:36
Saturday,1971-04-10,21:10:00
Monday,1971-05-10,12:23:30
Wednesday,1971-06-09,1:03:36
Thursday,1971-07-08,11:36:36
Friday,1971-08-06,20:42:18
Sunday,1971-09-05,5:02:24
Monday,1971-10-04,13:19:30
Tuesday,1971-11-02,22:19:24
Thursday,1971-12-02,8:48:06
Friday,1971-12-31,21:19:30
Sunday,1972-01-30,11:58:12
Tuesday,1972-02-29,4:11:54
Wednesday,1972-03-29,21:05:30
Friday,1972-04-28,13:44:30
Sunday,1972-05-28,5:27:36
Monday,1972-06-26,19:46:12
Wednesday,1972-07-26,8:23:30
Thursday,1972-08-24,19:21:42
Saturday,1972-09-23,5:06:42
Sunday,1972-10-22,14:25:00
Tuesday,1972-11-21,0:06:30
Wednesday,1972-12-20,10:45:06
Thursday,1973-01-18,22:28:24
Saturday,1973-02-17,11:07:00
Monday,1973-03-19,0:33:24
Tuesday,1973-04-17,14:50:30
Thursday,1973-05-17,5:58:00
Friday,1973-06-15,21:34:36
Sunday,1973-07-15,12:55:54
Tuesday,1973-08-14,3:16:30
Wednesday,1973-09-12,16:16:18
Friday,1973-10-12,4:09:00
Saturday,1973-11-10,15:26:42
Monday,1973-12-10,2:34:36
Tuesday,1974-01-08,13:36:18
Thursday,1974-02-07,0:24:12
Friday,1974-03-08,11:02:54
Saturday,1974-04-06,22:00:18
Monday,1974-05-06,9:54:30
Tuesday,1974-06-04,23:09:36
Thursday,1974-07-04,13:40:18
Saturday,1974-08-03,4:57:00
Sunday,1974-09-01,20:24:48
Tuesday,1974-10-01,11:37:54
Thursday,1974-10-31,2:19:00
Friday,1974-11-29,16:10:06
Sunday,1974-12-29,4:50:48
Monday,1975-01-27,16:09:24
Wednesday,1975-02-26,2:14:30
Thursday,1975-03-27,11:36:00
Friday,1975-04-25,20:54:54
Sunday,1975-05-25,6:50:36
Monday,1975-06-23,17:54:12
Wednesday,1975-07-23,6:28:24
Thursday,1975-08-21,20:47:36
Saturday,1975-09-20,12:50:24
Monday,1975-10-20,6:05:42
Tuesday,1975-11-18,23:28:12
Thursday,1975-12-18,15:39:30
Saturday,1976-01-17,5:46:54
Sunday,1976-02-15,17:43:18
Tuesday,1976-03-16,3:52:42
Wednesday,1976-04-14,12:48:42
Thursday,1976-05-13,21:04:00
Saturday,1976-06-12,5:15:00
Sunday,1976-07-11,14:08:54
Tuesday,1976-08-10,0:43:30
Wednesday,1976-09-08,13:52:00
Friday,1976-10-08,5:55:24
Sunday,1976-11-07,0:14:36
Monday,1976-12-06,19:14:30
Wednesday,1977-01-05,13:10:24
Friday,1977-02-04,4:56:12
Saturday,1977-03-05,18:13:12
Monday,1977-04-04,5:08:54
Tuesday,1977-05-03,14:03:24
Wednesday,1977-06-01,21:30:54
Friday,1977-07-01,4:24:00
Saturday,1977-07-30,11:52:12
Sunday,1977-08-28,21:10:00
Tuesday,1977-09-27,9:17:24
Thursday,1977-10-27,0:35:24
Friday,1977-11-25,18:31:24
Sunday,1977-12-25,13:49:00
Tuesday,1978-01-24,8:55:30
Thursday,1978-02-23,2:26:18
Friday,1978-03-24,17:20:00
Sunday,1978-04-23,5:11:00
Monday,1978-05-22,14:16:42
Tuesday,1978-06-20,21:30:30
Thursday,1978-07-20,4:04:48
Friday,1978-08-18,11:14:00
Saturday,1978-09-16,20:01:06
Monday,1978-10-16,7:09:30
Tuesday,1978-11-14,21:00:06
Thursday,1978-12-14,13:30:36
Saturday,1979-01-13,8:08:36
Monday,1979-02-12,3:39:24
Tuesday,1979-03-13,22:14:18
Thursday,1979-04-12,14:15:00
Saturday,1979-05-12,3:00:54
Sunday,1979-06-10,12:55:18
Monday,1979-07-09,20:59:18
Wednesday,1979-08-08,4:21:06
Thursday,1979-09-06,11:58:36
Friday,1979-10-05,20:35:18
Sunday,1979-11-04,6:47:06
Monday,1979-12-03,19:07:42
Wednesday,1980-01-02,10:02:06
Friday,1980-02-01,3:21:12
Saturday,1980-03-01,21:59:42
Monday,1980-03-31,16:13:54
Wednesday,1980-04-30,9:35:18
Thursday,1980-05-29,23:27:36
Saturday,1980-06-28,11:02:06
Sunday,1980-07-27,20:53:36
Tuesday,1980-08-26,5:42:12
Wednesday,1980-09-24,14:07:42
Thursday,1980-10-23,21:51:54
Saturday,1980-11-22,7:38:54
Sunday,1980-12-21,19:08:00
Tuesday,1981-01-20,8:39:00
Wednesday,1981-02-18,23:58:12
Friday,1981-03-20,16:22:30
Sunday,1981-04-19,9:58:54
Tuesday,1981-05-19,2:03:36
Wednesday,1981-06-17,17:04:30
Friday,1981-07-17,6:38:48
Saturday,1981-08-15,18:36:36
Monday,1981-09-14,5:08:42
Tuesday,1981-10-13,13:49:24
Wednesday,1981-11-11,23:26:30
Friday,1981-12-11,9:41:24
Saturday,1982-01-09,20:52:48
Monday,1982-02-08,8:57:06
Tuesday,1982-03-09,21:45:06
Thursday,1982-04-08,12:18:18
Saturday,1982-05-08,2:44:42
Sunday,1982-06-06,17:59:24
Tuesday,1982-07-06,9:31:36
Thursday,1982-08-05,0:33:48
Friday,1982-09-03,14:28:12
Sunday,1982-10-03,2:08:30
Monday,1982-11-01,13:56:42
Wednesday,1982-12-01,1:20:42
Thursday,1982-12-30,12:32:36
Friday,1983-01-28,23:26:18
Sunday,1983-02-27,9:58:06
Monday,1983-03-28,21:26:42
Wednesday,1983-04-27,8:30:42
Thursday,1983-05-26,20:47:42
Saturday,1983-06-25,10:31:48
Monday,1983-07-25,1:26:54
Tuesday,1983-08-23,16:59:18
Thursday,1983-09-22,8:36:12
Friday,1983-10-21,22:53:18
Sunday,1983-11-20,13:29:24
Tuesday,1983-12-20,3:00:18
Wednesday,1984-01-18,15:05:12
Friday,1984-02-17,1:41:06
Saturday,1984-03-17,11:09:42
Sunday,1984-04-15,21:10:48
Tuesday,1984-05-15,6:28:36
Wednesday,1984-06-13,16:41:48
Friday,1984-07-13,4:19:42
Saturday,1984-08-11,17:43:12
Monday,1984-09-10,9:01:00
Wednesday,1984-10-10,0:58:06
Thursday,1984-11-08,18:42:36
Saturday,1984-12-08,11:53:24
Monday,1985-01-07,3:16:06
Tuesday,1985-02-05,16:18:48
Thursday,1985-03-07,3:13:06
Friday,1985-04-05,13:32:24
Saturday,1985-05-04,21:52:48
Monday,1985-06-03,5:50:24
Tuesday,1985-07-02,14:08:18
Wednesday,1985-07-31,23:40:54
Friday,1985-08-30,11:27:12
Sunday,1985-09-29,2:08:30
Monday,1985-10-28,18:37:30
Wednesday,1985-11-27,13:41:42
Friday,1985-12-27,8:30:18
Sunday,1986-01-26,1:31:00
Monday,1986-02-24,16:02:12
Wednesday,1986-03-26,4:01:48
Thursday,1986-04-24,14:46:24
Friday,1986-05-23,22:44:42
Sunday,1986-06-22,5:41:48
Monday,1986-07-21,12:40:12
Tuesday,1986-08-19,20:54:12
Thursday,1986-09-18,7:33:42
Friday,1986-10-17,20:21:36
Sunday,1986-11-16,13:11:36
Tuesday,1986-12-16,8:04:24
Thursday,1987-01-15,3:30:24
Friday,1987-02-13,21:57:54
Sunday,1987-03-15,14:12:42
Tuesday,1987-04-14,4:31:00
Wednesday,1987-05-13,14:50:12
Thursday,1987-06-11,22:48:48
Saturday,1987-07-11,5:32:36
Sunday,1987-08-09,12:17:18
Monday,1987-09-07,20:12:54
Wednesday,1987-10-07,5:12:18
Thursday,1987-11-05,17:45:54
Saturday,1987-12-05,9:01:00
Monday,1988-01-04,2:40:24
Tuesday,1988-02-02,21:51:30
Thursday,1988-03-03,17:01:06
Saturday,1988-04-02,11:21:18
Monday,1988-05-02,1:40:48
Tuesday,1988-05-31,12:53:30
Wednesday,1988-06-29,21:45:48
Friday,1988-07-29,5:25:12
Saturday,1988-08-27,12:55:48
Sunday,1988-09-25,20:07:06
Tuesday,1988-10-25,5:35:30
Wednesday,1988-11-23,16:53:06
Friday,1988-12-23,6:28:54
Saturday,1989-01-21,22:33:30
Monday,1989-02-20,16:31:54
Wednesday,1989-03-22,10:57:54
Friday,1989-04-21,5:13:18
Saturday,1989-05-20,20:16:18
Monday,1989-06-19,8:57:18
Tuesday,1989-07-18,19:41:36
Thursday,1989-08-17,5:06:36
Friday,1989-09-15,13:50:36
Saturday,1989-10-14,21:31:54
Monday,1989-11-13,6:51:24
Tuesday,1989-12-12,17:29:54
Thursday,1990-01-11,5:56:48
Friday,1990-02-09,20:15:42
Sunday,1990-03-11,11:58:30
Tuesday,1990-04-10,5:18:30
Wednesday,1990-05-09,21:30:48
Friday,1990-06-08,13:01:06
Sunday,1990-07-08,3:23:30
Monday,1990-08-06,16:19:24
Wednesday,1990-09-05,3:45:36
Thursday,1990-10-04,13:01:48
Friday,1990-11-02,22:48:18
Sunday,1990-12-02,8:49:42
Monday,1990-12-31,19:35:12
Wednesday,1991-01-30,7:09:42
Thursday,1991-02-28,19:24:36
Saturday,1991-03-30,8:17:24
Sunday,1991-04-28,22:58:30
Tuesday,1991-05-28,13:36:36
Thursday,1991-06-27,4:58:24
Friday,1991-07-26,20:24:24
Sunday,1991-08-25,11:07:12
Tuesday,1991-09-24,0:40:00
Wednesday,1991-10-23,12:08:12
Thursday,1991-11-21,23:56:18
Saturday,1991-12-21,11:23:12
Sunday,1992-01-19,22:28:30
Tuesday,1992-02-18,9:04:06
Wednesday,1992-03-18,19:17:48
Friday,1992-04-17,6:42:30
Saturday,1992-05-16,18:02:36
Monday,1992-06-15,6:49:42
Tuesday,1992-07-14,21:06:18
Thursday,1992-08-13,12:27:12
Saturday,1992-09-12,4:16:36
Sunday,1992-10-11,19:03:00
Tuesday,1992-11-10,10:20:06
Thursday,1992-12-10,0:40:42
Friday,1993-01-08,13:37:12
Sunday,1993-02-07,0:55:24
Monday,1993-03-08,10:45:54
Tuesday,1993-04-06,20:43:18
Thursday,1993-05-06,5:33:42
Friday,1993-06-04,15:02:12
Sunday,1993-07-04,1:45:06
Monday,1993-08-02,14:09:36
Wednesday,1993-09-01,4:32:54
Thursday,1993-09-30,19:53:48
Saturday,1993-10-30,13:37:36
Monday,1993-11-29,7:30:48
Wednesday,1993-12-29,0:05:24
Thursday,1994-01-27,14:22:48
Saturday,1994-02-26,2:15:00
Sunday,1994-03-27,13:09:30
Monday,1994-04-25,21:45:00
Wednesday,1994-05-25,5:39:24
Thursday,1994-06-23,13:33:06
Friday,1994-07-22,22:15:54
Sunday,1994-08-21,8:46:54
Monday,1994-09-19,22:00:30
Wednesday,1994-10-19,13:17:48
Friday,1994-11-18,7:57:00
Sunday,1994-12-18,3:17:06
Monday,1995-01-16,21:26:18
Wednesday,1995-02-15,13:15:24
Friday,1995-03-17,2:25:36
Saturday,1995-04-15,14:08:12
Sunday,1995-05-14,22:48:06
Tuesday,1995-06-13,6:03:30
Wednesday,1995-07-12,12:49:18
Thursday,1995-08-10,20:15:30
Saturday,1995-09-09,5:36:36
Sunday,1995-10-08,16:51:48
Tuesday,1995-11-07,8:20:30
Thursday,1995-12-07,2:26:54
Friday,1996-01-05,21:50:54
Sunday,1996-02-04,16:57:36
Tuesday,1996-03-05,10:22:42
Thursday,1996-04-04,2:06:54
Friday,1996-05-03,13:48:12
Saturday,1996-06-01,22:46:54
Monday,1996-07-01,5:58:06
Tuesday,1996-07-30,12:35:12
Wednesday,1996-08-28,19:52:12
Friday,1996-09-27,4:50:48
Saturday,1996-10-26,16:11:12
Monday,1996-11-25,5:09:54
Tuesday,1996-12-24,21:41:00
Thursday,1997-01-23,16:10:42
Saturday,1997-02-22,11:26:42
Monday,1997-03-24,5:45:12
Tuesday,1997-04-22,22:33:30
Thursday,1997-05-22,11:13:24
Friday,1997-06-20,21:08:48
Sunday,1997-07-20,5:20:18
Monday,1997-08-18,12:55:24
Tuesday,1997-09-16,20:50:30
Thursday,1997-10-16,5:45:42
Friday,1997-11-14,15:11:36
Sunday,1997-12-14,3:37:06
Monday,1998-01-12,18:23:42
Wednesday,1998-02-11,11:22:36
Friday,1998-03-13,5:34:12
Sunday,1998-04-12,0:23:30
Monday,1998-05-11,16:29:24
Wednesday,1998-06-10,6:18:18
Thursday,1998-07-09,18:00:54
Saturday,1998-08-08,4:09:36
Sunday,1998-09-06,13:21:24
Monday,1998-10-05,22:11:54
Wednesday,1998-11-04,6:18:12
Thursday,1998-12-03,16:19:12
Saturday,1999-01-02,3:49:30
Sunday,1999-01-31,17:06:30
Tuesday,1999-03-02,7:58:30
Thursday,1999-04-01,0:48:54
Friday,1999-04-30,16:54:36
Sunday,1999-05-30,8:39:54
Monday,1999-06-28,23:37:30
Wednesday,1999-07-28,13:24:48
Friday,1999-08-27,1:47:48
Saturday,1999-09-25,12:51:06
Sunday,1999-10-24,23:02:24
Tuesday,1999-11-23,8:03:42
Wednesday,1999-12-22,18:31:18
Friday,2000-01-21,05:40:24 am [**]
Saturday,2000-02-19,17:26:42
Monday,2000-03-20,5:44:24
Tuesday,2000-04-18,19:41:30
Thursday,2000-05-18,9:34:24
Saturday,2000-06-17,0:27:00
Sunday,2000-07-16,15:55:12
Tuesday,2000-08-15,7:12:36
Wednesday,2000-09-13,21:36:48
Friday,2000-10-13,10:53:00
Saturday,2000-11-11,22:14:36
Monday,2000-12-11,10:02:48
Tuesday,2001-01-09,09:24:24 pm [**]
Thursday,2001-02-08,8:11:42
Friday,2001-03-09,18:23:06
Sunday,2001-04-08,5:21:54
Monday,2001-05-07,15:52:30
Wednesday,2001-06-06,3:39:18
Thursday,2001-07-05,17:03:48
Saturday,2001-08-04,7:55:42
Sunday,2001-09-02,23:43:00
Tuesday,2001-10-02,15:48:48
Thursday,2001-11-01,6:41:00
Friday,2001-11-30,21:49:00
Sunday,2001-12-30,11:40:30
Monday,2002-01-28,23:50:30
Wednesday,2002-02-27,10:16:42
Thursday,2002-03-28,19:24:54
Saturday,2002-04-27,4:59:54
Sunday,2002-05-26,13:51:12
Monday,2002-06-24,23:42:24
Wednesday,2002-07-24,11:07:00
Friday,2002-08-23,0:29:12
Saturday,2002-09-21,15:59:12
Monday,2002-10-21,9:20:00
Wednesday,2002-11-20,2:33:42
Thursday,2002-12-19,20:10:12
Saturday,2003-01-18,11:47:36
Monday,2003-02-17,0:51:06
Tuesday,2003-03-18,11:34:30
Wednesday,2003-04-16,21:35:42
Friday,2003-05-16,5:35:54
Saturday,2003-06-14,13:15:54
Sunday,2003-07-13,21:21:24
Tuesday,2003-08-12,6:48:12
Wednesday,2003-09-10,18:36:12
Friday,2003-10-10,9:27:24
Sunday,2003-11-09,02:13:18 am [**]
Monday,2003-12-08,21:36:42
Wednesday,2004-01-07,16:40:06
Friday,2004-02-06,9:46:54
Sunday,2004-03-07,0:14:12
Monday,2004-04-05,13:02:42
Tuesday,2004-05-04,10:33:24 pm [**]
Thursday,2004-06-03,6:19:36
Friday,2004-07-02,13:08:54
Saturday,2004-07-31,20:05:06
Monday,2004-08-30,4:22:12
Tuesday,2004-09-28,15:09:18
Thursday,2004-10-28,05:07:24 am [**]
Friday,2004-11-26,21:07:12
Sunday,2004-12-26,16:06:18
Tuesday,2005-01-25,11:32:18
Thursday,2005-02-24,5:53:42
Friday,2005-03-25,21:58:30
Sunday,2005-04-24,12:06:30
Monday,2005-05-23,22:18:12
Wednesday,2005-06-22,6:13:48
Thursday,2005-07-21,13:00:12
Friday,2005-08-19,19:53:00
Sunday,2005-09-18,4:00:48
Monday,2005-10-17,14:13:36
Wednesday,2005-11-16,1:57:30
Thursday,2005-12-15,17:15:30
Saturday,2006-01-14,10:48:06
Monday,2006-02-13,5:44:12
Wednesday,2006-03-15,0:35:24
Thursday,2006-04-13,18:40:06
Saturday,2006-05-13,8:51:06
Sunday,2006-06-11,20:03:06
Tuesday,2006-07-11,5:01:54
Wednesday,2006-08-09,12:54:00
Thursday,2006-09-07,20:42:00
Saturday,2006-10-07,5:12:48
Sunday,2006-11-05,13:58:18
Tuesday,2006-12-05,1:24:48
Wednesday,2007-01-03,14:57:24
Friday,2007-02-02,6:45:18
Sunday,2007-03-04,12:17:06 am [**]
Monday,2007-04-02,19:15:00
Wednesday,2007-05-02,12:09:24
Friday,2007-06-01,3:03:36
Saturday,2007-06-30,15:48:42
Monday,2007-07-30,2:47:42
Tuesday,2007-08-28,12:35:06
Wednesday,2007-09-26,21:45:06
Friday,2007-10-26,6:51:30
Saturday,2007-11-24,15:29:48
Monday,2007-12-24,2:15:36
Tuesday,2008-01-22,14:34:42
Thursday,2008-02-21,04:30:30 am [**]
Friday,2008-03-21,19:39:54
Sunday,2008-04-20,12:25:24
Tuesday,2008-05-20,4:11:24
Wednesday,2008-06-18,19:30:24
Friday,2008-07-18,9:59:00
Saturday,2008-08-16,23:16:24
Monday,2008-09-15,11:13:24
Tuesday,2008-10-14,22:02:24
Thursday,2008-11-13,7:17:18
Friday,2008-12-12,17:37:06
Sunday,2009-01-11,4:26:36
Monday,2009-02-09,15:49:00
Wednesday,2009-03-11,3:37:36
Thursday,2009-04-09,16:55:42
Saturday,2009-05-09,6:01:18
Sunday,2009-06-07,20:11:36
Tuesday,2009-07-07,11:21:18
Thursday,2009-08-06,2:54:42
Friday,2009-09-04,18:02:30
Sunday,2009-10-04,8:10:00
Monday,2009-11-02,20:13:48
Wednesday,2009-12-02,8:30:18
Thursday,2009-12-31,08:12:36 pm [*]
Saturday,2010-01-30,7:17:36
Sunday,2010-02-28,17:37:54
Tuesday,2010-03-30,4:25:24
Wednesday,2010-04-28,14:18:30
Friday,2010-05-28,1:07:18
Saturday,2010-06-26,13:30:24
Monday,2010-07-26,3:36:36
Tuesday,2010-08-24,19:04:36
Thursday,2010-09-23,11:17:12
Saturday,2010-10-23,3:36:30
Sunday,2010-11-21,18:27:24
Tuesday,2010-12-21,09:13:30 am [**]
Wednesday,2011-01-19,22:21:24
Friday,2011-02-18,9:35:42
Saturday,2011-03-19,19:10:06
Monday,2011-04-18,4:44:00
Tuesday,2011-05-17,13:08:42
Wednesday,2011-06-15,10:13:36 pm [**]
Friday,2011-07-15,8:39:36
Saturday,2011-08-13,20:57:30
Monday,2011-09-12,11:26:42
Wednesday,2011-10-12,4:05:42
Thursday,2011-11-10,21:16:06
Saturday,2011-12-10,03:36:24 pm [**]
Monday,2012-01-09,8:30:06
Tuesday,2012-02-07,22:53:48
Thursday,2012-03-08,10:39:30
Friday,2012-04-06,21:18:42
Sunday,2012-05-06,5:35:06
Monday,2012-06-04,01:11:36 pm [*]
Tuesday,2012-07-03,20:51:54
Thursday,2012-08-02,5:27:30
Friday,2012-08-31,15:58:06
Sunday,2012-09-30,5:18:36
Monday,2012-10-29,20:49:30
Wednesday,2012-11-28,15:46:00
Friday,2012-12-28,11:21:12
Sunday,2013-01-27,5:38:24
Monday,2013-02-25,21:26:06
Wednesday,2013-03-27,10:27:18
Thursday,2013-04-25,09:57:06 pm [*]
Saturday,2013-05-25,6:25:00
Sunday,2013-06-23,13:32:18
Monday,2013-07-22,20:15:36
Wednesday,2013-08-21,3:44:36
Thursday,2013-09-19,13:12:54
Saturday,2013-10-19,1:37:42
Sunday,2013-11-17,16:15:48
Tuesday,2013-12-17,10:28:06
Thursday,2014-01-16,5:52:12
Saturday,2014-02-15,0:53:00
Sunday,2014-03-16,18:08:24
Tuesday,2014-04-15,09:42:18 am [**]
Wednesday,2014-05-14,21:15:54
Friday,2014-06-13,6:11:30
Saturday,2014-07-12,13:24:54
Sunday,2014-08-10,20:09:24
Tuesday,2014-09-09,3:38:12
Wednesday,2014-10-08,12:50:36 pm [**]
Thursday,2014-11-06,23:22:54
Saturday,2014-12-06,13:26:48
Monday,2015-01-05,5:53:15
Wednesday,2015-02-04,0:08:55
Thursday,2015-03-05,19:05:23
Saturday,2015-04-04,02:05:34 pm [**]
Monday,2015-05-04,5:42:05
Tuesday,2015-06-02,18:19:02
Thursday,2015-07-02,4:19:35
Friday,2015-07-31,12:42:54
Saturday,2015-08-29,20:35:12
Monday,2015-09-28,04:50:31 am [**]
Tuesday,2015-10-27,13:05:08
Wednesday,2015-11-25,23:44:15
Friday,2015-12-25,12:11:28
Sunday,2016-01-24,2:45:48
Monday,2016-02-22,19:19:54
Wednesday,2016-03-23,13:00:54
Friday,2016-04-22,7:23:42
Saturday,2016-05-21,23:14:30
Monday,2016-06-20,13:02:24
Wednesday,2016-07-20,0:56:36
Thursday,2016-08-18,11:26:36
Friday,2016-09-16,21:05:06
Sunday,2016-10-16,6:23:06
Monday,2016-11-14,14:52:06
Wednesday,2016-12-14,1:05:36
Thursday,2017-01-12,12:33:58
Saturday,2017-02-11,1:32:53
Sunday,2017-03-12,15:53:48
Tuesday,2017-04-11,8:08:07
Wednesday,2017-05-10,23:42:30
Friday,2017-06-09,15:09:36
Sunday,2017-07-09,6:06:34
Monday,2017-08-07,08:10:37 pm [*]
Wednesday,2017-09-06,9:02:49
Thursday,2017-10-05,20:40:08
Saturday,2017-11-04,6:22:55
Sunday,2017-12-03,16:46:59
Tuesday,2018-01-02,3:24:05
Wednesday,2018-01-31,2:26:44 pm [**] [+]
Friday,2018-03-02,1:51:21
Saturday,2018-03-31,2:36:52 pm [+]
Monday,2018-04-30,2:58:12
Tuesday,2018-05-29,16:19:34
Thursday,2018-06-28,6:52:58
Friday,2018-07-27,10:20:21 pm [**]
Sunday,2018-08-26,13:56:11
Tuesday,2018-09-25,4:52:25
Wednesday,2018-10-24,18:45:12
Friday,2018-11-23,6:39:12
Saturday,2018-12-22,18:48:35
Monday,2019-01-21,6:16:05 am [**]
Tuesday,2019-02-19,16:53:35
Thursday,2019-03-21,2:42:52
Friday,2019-04-19,13:12:11
Saturday,2019-05-18,23:11:21
Monday,2019-06-17,10:30:40
Tuesday,2019-07-16,11:38:13 pm [*]
Thursday,2019-08-15,14:29:15
Saturday,2019-09-14,6:32:46
Sunday,2019-10-13,23:07:52
Tuesday,2019-11-12,14:34:24
Thursday,2019-12-12,6:12:16
Friday,2020-01-10,20:21:24
Sunday,2020-02-09,8:33:18
Monday,2020-03-09,18:47:48
Wednesday,2020-04-08,4:35:06
Thursday,2020-05-07,12:45:18
Friday,2020-06-05,21:12:24
Sunday,2020-07-05,6:44:30
Monday,2020-08-03,17:58:48
Wednesday,2020-09-02,7:22:06
Thursday,2020-10-01,23:05:18
Saturday,2020-10-31,15:49:12
Monday,2020-11-30,10:29:42
Wednesday,2020-12-30,4:28:18
Thursday,2021-01-28,20:16:18
Saturday,2021-02-27,9:17:24
Sunday,2021-03-28,20:48:12
Tuesday,2021-04-27,5:31:36
Wednesday,2021-05-26,13:13:54
Thursday,2021-06-24,20:39:42
Saturday,2021-07-24,4:36:54
Sunday,2021-08-22,14:02:00
Tuesday,2021-09-21,1:54:42
Wednesday,2021-10-20,16:56:42
Friday,2021-11-19,9:57:30
Sunday,2021-12-19,5:35:36
Tuesday,2022-01-18,0:48:30
Wednesday,2022-02-16,17:56:30
Friday,2022-03-18,8:17:36
Saturday,2022-04-16,20:55:06
Monday,2022-05-16,6:14:12
Tuesday,2022-06-14,13:51:48
Wednesday,2022-07-13,20:37:42
Friday,2022-08-12,3:35:48
Saturday,2022-09-10,11:59:06
Sunday,2022-10-09,22:55:00
Tuesday,2022-11-08,12:02:12
Thursday,2022-12-08,5:08:12
Saturday,2023-01-07,0:07:54
Sunday,2023-02-05,19:28:36
Tuesday,2023-03-07,13:40:24
Thursday,2023-04-06,6:34:36
Friday,2023-05-05,19:34:06
Sunday,2023-06-04,5:41:48
Monday,2023-07-03,13:38:42
Tuesday,2023-08-01,20:31:42
Thursday,2023-08-31,3:35:42
Friday,2023-09-29,11:57:36
Saturday,2023-10-28,22:24:06
Monday,2023-11-27,10:16:24
Wednesday,2023-12-27,1:33:12
Thursday,2024-01-25,18:54:00
Saturday,2024-02-24,13:30:24
Monday,2024-03-25,8:00:24
Wednesday,2024-04-24,1:49:00
Thursday,2024-05-23,15:53:12
Saturday,2024-06-22,3:07:54
Sunday,2024-07-21,12:17:12
Monday,2024-08-19,20:25:48
Wednesday,2024-09-18,4:34:30
Thursday,2024-10-17,13:26:24
Friday,2024-11-15,22:28:36
Sunday,2024-12-15,10:01:42
Monday,2025-01-13,23:26:54
Wednesday,2025-02-12,14:53:24
Friday,2025-03-14,7:54:42
Sunday,2025-04-13,2:22:18
Monday,2025-05-12,18:56:00
Wednesday,2025-06-11,9:43:54
Thursday,2025-07-10,22:36:48
Saturday,2025-08-09,9:55:06
Sunday,2025-09-07,20:08:54
Tuesday,2025-10-07,5:47:42
Wednesday,2025-11-05,14:19:18
Friday,2025-12-05,0:14:06
Saturday,2026-01-03,11:02:54
Sunday,2026-02-01,23:09:18
Tuesday,2026-03-03,12:37:54
Thursday,2026-04-02,4:12:00
Friday,2026-05-01,19:23:12
Sunday,2026-05-31,10:45:12
Tuesday,2026-06-30,1:56:42
Wednesday,2026-07-29,16:35:42
Friday,2026-08-28,6:18:36
Saturday,2026-09-26,18:49:06
Monday,2026-10-26,5:11:54
Tuesday,2026-11-24,15:53:36
Thursday,2026-12-24,2:28:18
Friday,2027-01-22,13:17:24
Sunday,2027-02-21,0:23:42
Monday,2027-03-22,11:43:48
Wednesday,2027-04-21,0:27:12
Thursday,2027-05-20,12:59:06
Saturday,2027-06-19,2:44:24
Sunday,2027-07-18,17:45:00
Tuesday,2027-08-17,9:28:42
Thursday,2027-09-16,1:03:36
Friday,2027-10-15,15:47:06
Sunday,2027-11-14,4:26:00
Monday,2027-12-13,17:08:48
Wednesday,2028-01-12,5:03:06
Thursday,2028-02-10,16:03:48
Saturday,2028-03-11,2:06:06
Sunday,2028-04-09,12:26:42
Monday,2028-05-08,21:49:00
Wednesday,2028-06-07,8:08:48
Thursday,2028-07-06,20:10:48
Saturday,2028-08-05,10:09:54
Monday,2028-09-04,1:47:36
Tuesday,2028-10-03,18:25:00
Thursday,2028-11-02,10:17:24
Saturday,2028-12-02,2:40:18
Sunday,2028-12-31,17:48:36
Tuesday,2029-01-30,7:03:42
Wednesday,2029-02-28,18:10:18
Friday,2029-03-30,4:26:30
Saturday,2029-04-28,12:36:48
Sunday,2029-05-27,20:37:30
Tuesday,2029-06-26,5:22:24
Wednesday,2029-07-25,15:35:48
Friday,2029-08-24,3:51:18
Saturday,2029-09-22,18:29:18
Monday,2029-10-22,11:27:36
Wednesday,2029-11-21,5:03:00
Thursday,2029-12-20,23:46:30
Saturday,2030-01-19,16:54:24
Monday,2030-02-18,7:19:48
Tuesday,2030-03-19,18:56:30
Thursday,2030-04-18,5:20:06
Friday,2030-05-17,13:19:12
Saturday,2030-06-15,20:41:00
Monday,2030-07-15,4:12:00
Tuesday,2030-08-13,12:44:24
Wednesday,2030-09-11,23:18:00
Friday,2030-10-11,12:46:54
Sunday,2030-11-10,4:30:18
Monday,2030-12-09,23:40:30
Wednesday,2031-01-08,19:25:54
Friday,2031-02-07,13:46:12
Sunday,2031-03-09,5:29:42
Monday,2031-04-07,19:21:24
Wednesday,2031-05-07,5:39:54
Thursday,2031-06-05,13:58:36
Friday,2031-07-04,21:01:24
Sunday,2031-08-03,3:45:36
Monday,2031-09-01,11:20:30
Tuesday,2031-09-30,20:57:54
Thursday,2031-10-30,8:32:42
Saturday,2031-11-29,0:18:30
Sunday,2031-12-28,18:33:06
Tuesday,2032-01-27,13:52:30
Thursday,2032-02-26,8:43:18
Saturday,2032-03-27,1:46:18
Sunday,2032-04-25,17:09:42
Tuesday,2032-05-25,4:37:18
Wednesday,2032-06-23,13:32:36
Thursday,2032-07-22,20:51:36
Saturday,2032-08-21,3:46:54
Sunday,2032-09-19,11:30:18
Monday,2032-10-18,20:58:12
Wednesday,2032-11-17,7:42:06
Thursday,2032-12-16,21:49:00
Saturday,2033-01-15,14:07:06
Monday,2033-02-14,8:04:12
Wednesday,2033-03-16,2:37:30
Thursday,2033-04-14,21:17:24
Saturday,2033-05-14,12:42:48
Monday,2033-06-13,1:19:18
Tuesday,2033-07-12,11:28:36
Wednesday,2033-08-10,20:07:42
Friday,2033-09-09,4:20:36
Saturday,2033-10-08,12:58:12
Sunday,2033-11-06,21:32:06
Tuesday,2033-12-06,8:22:06
Wednesday,2034-01-04,20:47:06
Friday,2034-02-03,11:04:36
Sunday,2034-03-05,3:10:12
Monday,2034-04-03,21:18:54
Wednesday,2034-05-03,14:15:48
Friday,2034-06-02,5:54:06
Saturday,2034-07-01,19:44:36
Monday,2034-07-31,7:54:30
Tuesday,2034-08-29,18:49:18
Thursday,2034-09-28,4:56:54
Friday,2034-10-27,14:42:36
Saturday,2034-11-25,23:32:12
Monday,2034-12-25,9:54:30
Tuesday,2035-01-23,21:16:36
Thursday,2035-02-22,9:54:00
Friday,2035-03-23,23:42:12
Sunday,2035-04-22,15:20:48
Tuesday,2035-05-22,6:25:54
Wednesday,2035-06-20,21:37:30
Friday,2035-07-20,12:36:54
Sunday,2035-08-19,3:00:24
Monday,2035-09-17,16:23:36
Wednesday,2035-10-17,4:35:36
Thursday,2035-11-15,14:48:54
Saturday,2035-12-15,1:33:12
Sunday,2036-01-13,12:16:12
Monday,2036-02-11,23:08:48
Wednesday,2036-03-12,10:09:30
Thursday,2036-04-10,22:22:36
Saturday,2036-05-10,10:09:36
Sunday,2036-06-08,23:02:00
Tuesday,2036-07-08,13:19:24
Thursday,2036-08-07,4:49:00
Friday,2036-09-05,20:45:36
Sunday,2036-10-05,12:15:12
Tuesday,2036-11-04,1:44:18
Wednesday,2036-12-03,15:08:36
Friday,2037-01-02,3:35:18
Saturday,2037-01-31,15:04:12
Monday,2037-03-02,1:28:12
Tuesday,2037-03-31,11:53:36
Wednesday,2037-04-29,20:54:00
Friday,2037-05-29,6:24:12
Saturday,2037-06-27,17:20:00
Monday,2037-07-27,6:15:12
Tuesday,2037-08-25,21:09:24
Thursday,2037-09-24,13:31:48
Saturday,2037-10-24,6:36:36
Sunday,2037-11-22,22:35:18
Tuesday,2037-12-22,14:38:42
Thursday,2038-01-21,5:00:00
Friday,2038-02-19,17:09:30
Sunday,2038-03-21,3:09:36
Monday,2038-04-19,11:36:06
Tuesday,2038-05-18,19:23:36
Thursday,2038-06-17,3:30:36
Friday,2038-07-16,12:48:18
Saturday,2038-08-14,23:56:54
Monday,2038-09-13,13:24:30
Wednesday,2038-10-13,5:21:54
Thursday,2038-11-11,23:27:12
Saturday,2038-12-11,18:30:30
Monday,2039-01-10,12:45:36
Wednesday,2039-02-09,4:39:18
Thursday,2039-03-10,17:35:00
Saturday,2039-04-09,3:52:48
Sunday,2039-05-08,12:20:06
Monday,2039-06-06,19:47:42
Wednesday,2039-07-06,3:03:30
Thursday,2039-08-04,10:56:42
Friday,2039-09-02,20:23:36
Sunday,2039-10-02,8:23:18
Monday,2039-10-31,23:36:18
Wednesday,2039-11-30,17:49:36
Friday,2039-12-30,13:37:48
Sunday,2040-01-29,8:54:42
Tuesday,2040-02-28,1:59:36
Wednesday,2040-03-28,16:11:42
Friday,2040-04-27,3:37:54
Saturday,2040-05-26,12:47:06
Sunday,2040-06-24,20:19:24
Tuesday,2040-07-24,3:05:42
Wednesday,2040-08-22,10:09:42
Thursday,2040-09-20,18:42:48
Saturday,2040-10-20,5:49:54
Sunday,2040-11-18,20:06:12
Tuesday,2040-12-18,13:15:48
Thursday,2041-01-17,8:11:24
Saturday,2041-02-16,3:21:18
Sunday,2041-03-17,21:19:12
Tuesday,2041-04-16,13:00:42
Thursday,2041-05-16,1:52:24
Friday,2041-06-14,11:58:48
Saturday,2041-07-13,20:00:54
Monday,2041-08-12,3:04:42
Tuesday,2041-09-10,10:23:54
Wednesday,2041-10-09,19:02:42
Friday,2041-11-08,5:43:30
Saturday,2041-12-07,18:42:18
Monday,2042-01-06,9:54:00
Wednesday,2042-02-05,2:57:48
Thursday,2042-03-06,21:10:00
Saturday,2042-04-05,15:16:00
Monday,2042-05-05,7:48:36
Tuesday,2042-06-03,21:48:18
Thursday,2042-07-03,9:09:24
Friday,2042-08-01,18:33:24
Sunday,2042-08-31,3:02:24
Monday,2042-09-29,11:34:24
Tuesday,2042-10-28,20:48:30
Thursday,2042-11-27,7:06:06
Friday,2042-12-26,18:42:48
Sunday,2043-01-25,7:56:42
Monday,2043-02-23,22:58:00
Wednesday,2043-03-25,15:26:24
Friday,2043-04-24,8:23:06
Sunday,2043-05-24,0:37:00
Monday,2043-06-22,15:20:42
Wednesday,2043-07-22,4:24:18
Thursday,2043-08-20,16:04:36
Saturday,2043-09-19,2:47:06
Sunday,2043-10-18,12:55:48
Monday,2043-11-16,22:52:36
Wednesday,2043-12-16,9:02:06
Thursday,2044-01-14,19:51:12
Saturday,2044-02-13,7:41:48
Sunday,2044-03-13,20:41:12
Tuesday,2044-04-12,10:39:12
Thursday,2044-05-12,1:16:42
Friday,2044-06-10,16:16:12
Sunday,2044-07-10,7:22:06
Monday,2044-08-08,22:14:00
Wednesday,2044-09-07,12:24:30
Friday,2044-10-07,1:30:06
Saturday,2044-11-05,13:26:48
Monday,2044-12-05,0:34:00
Tuesday,2045-01-03,11:20:30
Wednesday,2045-02-01,22:05:36
Friday,2045-03-03,8:52:42
Saturday,2045-04-01,19:43:06
Monday,2045-05-01,6:52:18
Tuesday,2045-05-30,18:52:30
Thursday,2045-06-29,8:15:54
Friday,2045-07-28,23:10:42
Sunday,2045-08-27,15:07:48
Tuesday,2045-09-26,7:11:36
Wednesday,2045-10-25,22:31:18
Friday,2045-11-24,12:43:36
Sunday,2045-12-24,1:49:18
Monday,2046-01-22,13:51:24
Wednesday,2046-02-21,0:44:24
Thursday,2046-03-22,10:27:00
Friday,2046-04-20,19:21:12
Sunday,2046-05-20,4:15:24
Monday,2046-06-18,14:10:06
Wednesday,2046-07-18,1:55:06
Thursday,2046-08-16,15:50:12
Saturday,2046-09-15,7:39:30
Monday,2046-10-15,0:41:24
Tuesday,2046-11-13,18:04:30
Thursday,2046-12-13,10:55:30
Saturday,2047-01-12,2:21:24
Sunday,2047-02-10,15:39:54
Tuesday,2047-03-12,2:37:06
Wednesday,2047-04-10,11:35:24
Thursday,2047-05-09,19:24:36
Saturday,2047-06-08,3:05:00
Sunday,2047-07-07,11:33:54
Monday,2047-08-05,21:38:36
Wednesday,2047-09-04,9:54:18
Friday,2047-10-04,0:42:06
Saturday,2047-11-02,17:58:12
Monday,2047-12-02,12:55:12
Wednesday,2048-01-01,7:57:12
Friday,2048-01-31,1:14:24
Saturday,2048-02-29,15:38:12
Monday,2048-03-30,3:04:30
Tuesday,2048-04-28,12:13:00
Wednesday,2048-05-27,19:57:18
Friday,2048-06-26,3:08:12
Saturday,2048-07-25,10:34:00
Sunday,2048-08-23,19:07:12
Tuesday,2048-09-22,5:46:36
Wednesday,2048-10-21,19:25:00
Friday,2048-11-20,12:19:36
Sunday,2048-12-20,7:39:18
Tuesday,2049-01-19,3:29:12
Wednesday,2049-02-17,21:47:30
Friday,2049-03-19,13:23:24
Sunday,2049-04-18,2:04:48
Monday,2049-05-17,12:13:48
Tuesday,2049-06-15,20:26:54
Thursday,2049-07-15,3:29:42
Friday,2049-08-13,10:19:36
Saturday,2049-09-11,18:04:24
Monday,2049-10-11,3:53:18
Tuesday,2049-11-09,16:38:00
Thursday,2049-12-09,8:28:06
Saturday,2050-01-08,2:39:06
Sunday,2050-02-06,21:47:30
Tuesday,2050-03-08,16:23:18
Thursday,2050-04-07,9:12:12
Friday,2050-05-06,23:26:12
Sunday,2050-06-05,10:51:12
Monday,2050-07-04,19:51:00
Wednesday,2050-08-03,3:20:30
Thursday,2050-09-01,10:30:54
Friday,2050-09-30,18:31:48
Sunday,2050-10-30,4:16:00
Monday,2050-11-28,16:09:48
Wednesday,2050-12-28,6:15:36